season,week,home_team,away_team,has_odds,provider_count,providers
2025,12,Akron,Kent State,True,5,"Betway,Coolbet,FanDuel,Paddy Power,Unibet (UK)"
2025,12,Western Michigan,Ohio,True,7,"Betway,BoyleSports,FanDuel,Fanatics,Fliff,Paddy Power,Unibet (UK)"
2025,12,Central Michigan,Buffalo,True,7,"Betway,BoyleSports,FanDuel,Fanatics,Fliff,Paddy Power,Unibet (UK)"
2025,12,Massachusetts,Northern Illinois,True,4,"Coolbet,FanDuel,Paddy Power,Unibet (UK)"
2025,12,Miami (OH),Toledo,False,0,
2025,12,Old Dominion,Troy,False,0,
2025,12,Millsaps,Sewanee,False,0,
2025,12,Salisbury,Castleton,False,0,
2025,12,College Of New Jersey,Christopher Newport,False,0,
2025,12,Louisville,Clemson,True,2,"DraftKings,ESPN Bet"
2025,12,Oregon,Minnesota,False,0,
2025,12,Alabama,Oklahoma,True,4,"BoyleSports,FanDuel,Paddy Power,Unibet (UK)"
2025,12,Arizona State,West Virginia,False,0,
2025,12,BYU,TCU,False,0,
2025,12,Ball State,Eastern Michigan,False,0,
2025,12,Baylor,Utah,False,0,
2025,12,Boston College,Georgia Tech,False,0,
2025,12,Brevard College,North Carolina Wesleyan,False,0,
2025,12,Case Western Reserve,Geneva,False,0,
2025,12,Charlotte,UTSA,False,0,
2025,12,Cincinnati,Arizona,False,0,
2025,12,Dartmouth,Cornell,False,0,
2025,12,Delaware State,Howard,False,0,
2025,12,Duke,Virginia,True,3,"FanDuel,Paddy Power,Unibet (UK)"
2025,12,East Carolina,Memphis,False,0,
2025,12,East Texas A&M,Houston Christian,False,0,
2025,12,Ferrum,Concord University,False,0,
2025,12,Florida International,Liberty,False,0,
2025,12,Florida State,Virginia Tech,False,0,
2025,12,Fresno State,Wyoming,False,0,
2025,12,Furman,VMI,False,0,
2025,12,Georgia,Texas,True,3,"FanDuel,Paddy Power,Unibet (UK)"
2025,12,Georgia Southern,Coastal Carolina,False,0,
2025,12,Georgia State,Marshall,False,0,
2025,12,Idaho State,Weber State,False,0,
2025,12,Illinois,Maryland,False,0,
2025,12,Incarnate Word,SE Louisiana,False,0,
2025,12,Indiana,Wisconsin,False,0,
2025,12,Jackson State,Bethune-Cookman,False,0,
2025,12,James Madison,App State,False,0,
2025,12,LSU,Arkansas,False,0,
2025,12,Mercyhurst,Robert Morris,False,0,
2025,12,Miami,NC State,False,0,
2025,12,Michigan State,Penn State,False,0,
2025,12,Mississippi Valley State,Alabama State,False,0,
2025,12,Missouri,Mississippi State,False,0,
2025,12,Missouri Southern State,Washburn,False,0,
2025,12,Missouri State,UTEP,False,0,
2025,12,Murray State,North Dakota,False,0,
2025,12,New Mexico,Colorado State,False,0,
2025,12,Nicholls,Northwestern State,False,0,
2025,12,Norfolk State,Morgan State,False,0,
2025,12,North Carolina Central,South Carolina State,False,0,
2025,12,Northern Arizona,Cal Poly,False,0,
2025,12,Northwestern,Michigan,False,0,
2025,12,Ohio State,UCLA,False,0,
2025,12,Oklahoma State,Kansas State,False,0,
2025,12,Ole Miss,Florida,False,0,
2025,12,Pittsburgh,Notre Dame,True,3,"FanDuel,Paddy Power,Unibet (UK)"
2025,12,Portland State,Montana,False,0,
2025,12,Prairie View A&M,Arkansas-Pine Bluff,False,0,
2025,12,Princeton,Yale,False,0,
2025,12,Sacramento State,Idaho,False,0,
2025,12,South Dakota State,Illinois State,False,0,
2025,12,Southern,Texas Southern,False,0,
2025,12,Southern Miss,Texas State,False,0,
2025,12,St. Francis (PA),Long Island University,False,0,
2025,12,St. Thomas (MN),Presbyterian,False,0,
2025,12,Stephen F. Austin,Lamar,False,0,
2025,12,Tarleton State,North Alabama,False,0,
2025,12,Tennessee State,Gardner-Webb,False,0,
2025,12,Texas A&M,South Carolina,False,0,
2025,12,Texas Tech,UCF,False,0,
2025,12,Tulane,Florida Atlantic,False,0,
2025,12,UAB,North Texas,False,0,
2025,12,UL Monroe,South Alabama,False,0,
2025,12,USC,Iowa,False,0,
2025,12,Wagner,Stonehill,False,0,
2025,12,Wake Forest,North Carolina,False,0,
2025,12,Washington,Purdue,False,0,
2025,12,West Alabama,Northeastern State,False,0,
2025,12,Western Carolina,East Tennessee State,False,0,
2025,12,Western Kentucky,Middle Tennessee,False,0,
2025,12,Albright,Lebanon Valley,False,0,
2025,12,Anna Maria College,Dean College,False,0,
2025,12,Bentley,American International,False,0,
2025,12,Biddeford,New England College,False,0,
2025,12,Bloomsburg,Slippery Rock,False,0,
2025,12,Bridgewater State,Mass Maritime,False,0,
2025,12,Bryant,New Hampshire,False,0,
2025,12,Bucknell,Holy Cross,False,0,
2025,12,Coast Guard,Merchant Marine Academy,False,0,
2025,12,Columbia,Brown,False,0,
2025,12,Davenport,Ferris State,False,0,
2025,12,Dayton,Drake,False,0,
2025,12,Delaware Valley,Widener,False,0,
2025,12,Duquesne,Central Connecticut,False,0,
2025,12,Endicott College,Curry College,False,0,
2025,12,FDU-Florham,Reading,False,0,
2025,12,Fairmont State,Frostburg State,False,0,
2025,12,Findlay,Tiffin,False,0,
2025,12,Fitchburg State,Westfield State,False,0,
2025,12,Greensboro College,Methodist,False,0,
2025,12,Hartwick,Hilbert College,False,0,
2025,12,Harvard,Pennsylvania,False,0,
2025,12,Ithaca College,Cortland,False,0,
2025,12,Kutztown University,Indiana-Pennsylvania,False,0,
2025,12,MIT,Norwich,False,0,
2025,12,Maryville College (TN),Trinity University TX,False,0,
2025,12,Michigan Tech,Saginaw Valley State,False,0,
2025,12,Millersville,Edinboro University,False,0,
2025,12,Misericordia,Kings College (PA),False,0,
2025,12,Navy,South Florida,False,0,
2025,12,North Carolina A&T,Monmouth,False,0,
2025,12,Northwestern (MN),Westminster College (MO),False,0,
2025,12,Otterbein,Ohio Northern,False,0,
2025,12,Pace,Franklin Pierce,False,0,
2025,12,Sacred Heart,Merrimack,False,0,
2025,12,Shepherd,Seton Hill,False,0,
2025,12,St John Fisher University,Alfred State,False,0,
2025,12,UAlbany,Towson,False,0,
2025,12,UConn,Air Force,False,0,
2025,12,UMass Dartmouth,Plymouth State,False,0,
2025,12,Ursinus,Carnegie Mellon,False,0,
2025,12,Walsh,Northwood (MI),False,0,
2025,12,West Chester,Assumption,False,0,
2025,12,West Liberty,Wheeling,False,0,
2025,12,West Virginia State,University Of Charleston (WV),False,0,
2025,12,Wilkes,Western Connecticut St,False,0,
2025,12,Worcester Polytechnic Institute,Salve Regina,False,0,
2025,12,Worcester St,Framingham State,False,0,
2025,12,Youngstown State,Indiana State,False,0,
2025,12,Moravian,Susquehanna,False,0,
2025,12,Albion,Calvin University,False,0,
2025,12,Alfred University,SUNY Morrisville,False,0,
2025,12,Allegheny,Bethany (WV),False,0,
2025,12,Alma,Adrian,False,0,
2025,12,Ashland,Lake Erie,False,0,
2025,12,Augsburg,Hamline University,False,0,
2025,12,Augustana (IL),Washington University (St. Louis),False,0,
2025,12,Averett,Roanoke College,False,0,
2025,12,Beloit,Illinois College,False,0,
2025,12,Carleton,Concordia Moorhead,False,0,
2025,12,Carson-Newman College,Greeneville,False,0,
2025,12,Colgate,Lehigh,False,0,
2025,12,Concordia University Chicago,Aurora,False,0,
2025,12,Concordia University St Paul,Sioux Falls,False,0,
2025,12,Concordia-Wisconsin,Eureka College,False,0,
2025,12,Denison University,John Carroll University,False,0,
2025,12,Franklin & Marshall,Johns Hopkins University,False,0,
2025,12,Georgetown,Fordham,False,0,
2025,12,Grand Valley State University,Roosevelt,False,0,
2025,12,Greenville,Crown College,False,0,
2025,12,Grinnell,Cornell College (IA),False,0,
2025,12,Gustavus Adolphus,Macalester,False,0,
2025,12,Hampton,William & Mary,False,0,
2025,12,Hillsdale,Ohio Dominican,False,0,
2025,12,Hiram College,Grove City College,False,0,
2025,12,Hobart College,Buffalo State,False,0,
2025,12,Hope College,Olivet College,False,0,
2025,12,Husson,Maine Maritime,False,0,
2025,12,Juniata College,Lycoming,False,0,
2025,12,Kean,Rowan,False,0,
2025,12,Kentucky Wesleyan,Thomas More College,False,0,
2025,12,Lake Forest College,Chicago,False,0,
2025,12,Lawrence University,Ripon,False,0,
2025,12,Lenoir-Rhyne,Catawba,False,0,
2025,12,Lock Haven University,Gannon,False,0,
2025,12,Maine,Rhode Island,False,0,
2025,12,Marist,Davidson,False,0,
2025,12,McDaniel College,Gettysburg,False,0,
2025,12,Millikin,Elmhurst,False,0,
2025,12,Minnesota State Mankato,Minnesota State Moorhead,False,0,
2025,12,Monmouth (IL),Knox College,False,0,
2025,12,Muhlenberg,Dickinson (PA),False,0,
2025,12,Nebraska-Kearney,Central Missouri,False,0,
2025,12,North Central College,Illinois Wesleyan,False,0,
2025,12,North Park,Wheaton,False,0,
2025,12,Northern Michigan,Wayne State (MI),False,0,
2025,12,Ohio Wesleyan,Oberlin,False,0,
2025,12,Randolph-Macon,Hampden-Sydney,False,0,
2025,12,Saint John's (MN),St. Olaf,False,0,
2025,12,Saint Vincent,Westminster (PA),False,0,
2025,12,Sam Houston,Delaware,False,0,
2025,12,Shenandoah,Washington and Lee,False,0,
2025,12,Shippensburg,PennWest California,False,0,
2025,12,Southeastern Oklahoma State,East Central (OK),False,0,
2025,12,Southern Connecticut State,Post University,False,0,
2025,12,Southern Illinois,South Dakota,False,0,
2025,12,Southern Virginia,Lagrange College,False,0,
2025,12,Springfield,SUNY Maritime,False,0,
2025,12,St. Lawrence,University of Rochester (NY),False,0,
2025,12,Stevenson,Eastern University,False,0,
2025,12,Trine University,Kalamazoo,False,0,
2025,12,UT Martin,Charleston Southern,False,0,
2025,12,Union (NY),Rensselaer,False,0,
2025,12,Valparaiso,Stetson,False,0,
2025,12,Villanova,Stony Brook,False,0,
2025,12,Washington & Jefferson,Thiel,False,0,
2025,12,West Virginia Wesleyan,Glenville State,False,0,
2025,12,Western New England,Nichols College,False,0,
2025,12,William Paterson,Montclair State,False,0,
2025,12,Winona State,Southwest Minnesota State,False,0,
2025,12,Wittenberg,Kenyon,False,0,
2025,12,East Stroudsburg University,Clarion,False,0,
2025,12,Wabash College,Depauw,False,0,
2025,12,Baldwin Wallace,Heidelberg,False,0,
2025,12,Hanover College,Franklin,False,0,
2025,12,Kentucky,Tennessee Tech,False,0,
2025,12,Manchester,Anderson (IN),False,0,
2025,12,Rose-Hulman,Mount St. Joseph,False,0,
2025,12,University of Mount Union,Muskingum University,False,0,
2025,12,Wilmington (OH),Capital,False,0,
2025,12,Austin Peay,Samford,False,0,
2025,12,Belhaven,Huntingdon College (AL),False,0,
2025,12,Bemidji State,University of Mary,False,0,
2025,12,Benedictine University,Wisconsin-Lutheran,False,0,
2025,12,Bridgewater (VA),Guilford College,False,0,
2025,12,Brockport,Utica,False,0,
2025,12,Campbell,Elon,False,0,
2025,12,Carthage,Carroll University (WI),False,0,
2025,12,Central College,Coe College,False,0,
2025,12,Emporia State University,Fort Hays State,False,0,
2025,12,Fort Lewis,Colorado School Of Mines,False,0,
2025,12,Hardin-Simmons,East Texas Baptist University,False,0,
2025,12,Howard Payne,Mary Hardin-Baylor,False,0,
2025,12,Jacksonville State,Kennesaw State,False,0,
2025,12,Jamestown College,Northern State,False,0,
2025,12,Lakeland,St. Norbert,False,0,
2025,12,Loras College,Luther,False,0,
2025,12,Marietta,Bluffton,False,0,
2025,12,Martin Luther,Minnesota Morris,False,0,
2025,12,Minot State,Minnesota Duluth,False,0,
2025,12,Nebraska Wesleyan,Simpson College (IA),False,0,
2025,12,Ouachita Baptist,Henderson State,False,0,
2025,12,Quincy,Southwest Baptist,False,0,
2025,12,Rhodes College,Centre College Kentucky,False,0,
2025,12,Richmond,Lafayette,False,0,
2025,12,South Dakota Mines,Adams State,False,0,
2025,12,Southwestern University,Berry College,False,0,
2025,12,St. Scholastica,Bethel (MN),False,0,
2025,12,The Citadel,Wofford,False,0,
2025,12,UVA Wise,Emory & Henry College,False,0,
2025,12,Wartburg,Buena Vista,False,0,
2025,12,Wayne State (NE),Augustana University (SD),False,0,
2025,12,West Georgia,Utah Tech,False,0,
2025,12,Western Illinois,Southeast Missouri State,False,0,
2025,12,Western New Mexico,Midwestern State,False,0,
2025,12,William Jewell,Lincoln (MO),False,0,
2025,12,Wisconsin-Eau Claire,Wisconsin-Platteville,False,0,
2025,12,Wisconsin-Oshkosh,Wisconsin-Whitewater,False,0,
2025,12,Wisconsin-Stevens Pt,Wisconsin-Lacrosse,False,0,
2025,12,Wisconsin-Stout,Wisconsin-River Falls,False,0,
2025,12,Pittsburg St,Northwest Missouri St,False,0,
2025,12,Alabama A&M,Florida A&M,False,0,
2025,12,Alcorn State,Grambling,False,0,
2025,12,Arkansas Tech,Harding University,False,0,
2025,12,Black Hills State,New Mexico Highlands,False,0,
2025,12,CSU Pueblo,Chadron St,False,0,
2025,12,Eastern Kentucky,Abilene Christian,False,0,
2025,12,Eastern New Mexico,Texas A&M-Kingsville,False,0,
2025,12,Indianapolis,Upper Iowa University,False,0,
2025,12,Lindenwood,Eastern Illinois,False,0,
2025,12,Mercer,Chattanooga,False,0,
2025,12,Missouri Western,Central Oklahoma,False,0,
2025,12,Southern Arkansas,Arkansas-Monticello,False,0,
2025,12,Southern Nazarene,Oklahoma Baptist,False,0,
2025,12,West Florida,Valdosta State,False,0,
2025,12,Western Colorado,Colorado Mesa,False,0,
2025,12,Wingate,Mars Hill,False,0,
2025,12,Nevada,San José State,False,0,
2025,12,North Dakota State,Northern Iowa,False,0,
2025,12,Eastern Washington,Northern Colorado,False,0,
2025,12,Linfield College,Willamette,False,0,
2025,12,McKendree,Truman State,False,0,
2025,12,Northwestern Oklahoma State,Southwestern Oklahoma State,False,0,
2025,12,Pacific (OR),Lewis & Clark College,False,0,
2025,12,San Diego,Butler,False,0,
2025,12,Whitworth,Puget Sound,False,0,
2025,12,Western Oregon,Central Washington,False,0,
2025,12,Tennessee,New Mexico State,False,0,
2025,12,Pacific Lutheran,NEWBERG,False,0,
2025,12,West Texas A&M,Angelo State,False,0,
2025,12,McNeese,UT Rio Grande Valley,False,0,
2025,12,UNLV,Utah State,False,0,
2025,12,UT Permian Basin,Sul Ross State,False,0,
2025,12,Southern Utah,Central Arkansas,False,0,
2025,12,Tulsa,Oregon State,False,0,
2025,12,Washington State,Louisiana Tech,False,0,
2025,12,Montana State,UC Davis,False,0,
2025,12,San Diego State,Boise State,False,0,
